"bi","sdd"
"1",0.106216629977608,0.867645580871915
