"bi","sdd"
"1",0.0033401070180209,0.993878663058161
