"bi","sdd"
"1",-0.111976837423297,1.06538938056152
