"bi","sdd"
"1",-0.112482381850385,0.913821379005471
