"bi","sdd"
"1",0.059611809684227,0.863018850045774
