"bi","sdd"
"1",0.102591568789374,0.976600037218468
