"bi","sdd"
"1",0.107112776818216,0.924636016332883
