"bi","sdd"
"1",-0.0643220827748025,1.02183982849061
