"bi","sdd"
"1",0.045729998913703,1.07285425033605
