"bi","sdd"
"1",0.000943701378046079,1.16057326841632
