"bi","sdd"
"1",0.050298843167783,0.968499490930216
