"bi","sdd"
"1",-0.319655950173296,0.957239768222998
