"bi","sdd"
"1",-0.1812473239724,1.09724137721576
