"bi","sdd"
"1",0.0843186584875975,1.00456461590474
