"bi","sdd"
"1",-0.145018700543733,1.18337456437049
