"bi","sdd"
"1",-0.193732086752362,0.951624765703648
