"bi","sdd"
"1",-0.0980415122049716,0.94328162322998
