"bi","sdd"
"1",0.100157970522318,1.01195359798269
